{
  "flower": "tag:forge:storage_blocks/redstone",
  "maxTimeInHive": 800,
  "hasHoneycomb": true,
  "ColorData": {
    "isBeeColored": true,
    "honeycombColor": "#aa0f01",
    "primaryColor": "#aa0f01",
    "secondaryColor": "#303030"
  },
  "MutationData": {
    "hasMutation": false
  },
  "CentrifugeData": {
    "hasCentrifugeOutput": true,
    "mainOutput": "minecraft:redstone",
    "mainOutputCount": 6
  },
  "SpawnData": {
    "canSpawnInWorld": false
  },
  "BreedData": {
    "isBreedable": true,
    "parent1": "Glowing",
    "parent2": "Rocky",
    "feedItem": "tag:forge:dusts/redstone",
    "feedAmount": 6
  },
  "TraitData": {
    "hasTraits": false
  }
}