{
  "__comment": "Instructions: https://mods.blakebr0.com/docs/cucumber/tags-config",
  "forge:ingots/aluminum": "immersiveengineering:ingot_aluminum",
  "forge:ingots/constantan": "immersiveengineering:ingot_constantan",
  "forge:ingots/tungsten": "null",
  "forge:ingots/mithril": "null",
  "forge:ingots/tin": "mekanism:ingot_tin",
  "forge:ingots/iridium": "null",
  "forge:ingots/zinc": "null",
  "forge:ingots/bronze": "mekanism:ingot_bronze",
  "forge:ingots/copper": "mekanism:ingot_copper",
  "forge:ingots/invar": "null",
  "forge:ingots/chrome": "null",
  "forge:ingots/electrum": "immersiveengineering:ingot_electrum",
  "forge:silicon": "refinedstorage:silicon",
  "forge:ingots/brass": "null",
  "forge:ingots/silver": "immersiveengineering:ingot_silver",
  "forge:dusts/saltpeter": "immersiveengineering:dust_saltpeter",
  "forge:ingots/steel": "immersiveengineering:ingot_steel",
  "forge:ingots/titanium": "null",
  "forge:rubber": "null",
  "forge:ingots/platinum": "null",
  "forge:dusts/sulfur": "mekanism:dust_sulfur",
  "forge:ingots/lead": "immersiveengineering:ingot_lead",
  "forge:ingots/graphite": "null",
  "forge:ingots/uranium": "immersiveengineering:ingot_uranium",
  "forge:ingots/nickel": "immersiveengineering:ingot_nickel"
}