{
    "flower": "tag:forge:storage_blocks/uraninite",
    "maxTimeInHive": 1500,
    "hasHoneycomb": true,
    "ColorData": {
      "isBeeColored": true,
      "honeycombColor": "#00FC1A",
      "primaryColor": "#00FC1A",
      "secondaryColor": "#000000",
      "isGlowing": true,
      "glowColor": "#05450B"
    },
    "MutationData": {
      "hasMutation": false
    },
    "CentrifugeData": {
      "hasCentrifugeOutput": true,
      "mainOutput": "powah:uraninite_raw_poor",
      "mainOutputCount": 2
    },
    "SpawnData": {
      "canSpawnInWorld": false
    },
    "BreedData": {
      "isBreedable": true,
      "parent1": "Lead",
      "parent2": "Radioactive",
      "breedWeight": 33,
      "feedItem": "powah:uraninite",
      "feedAmount": 4
    },
    "TraitData": {
      "hasTraits": false
    }
  }