{
    "flower": "mekanism:block_uranium",
    "maxTimeInHive": 1500,
    "hasHoneycomb": true,
    "ColorData": {
      "isBeeColored": true,
      "honeycombColor": "#A2F2A0",
      "primaryColor": "#A2F2A0",
      "secondaryColor": "#000000",
      "isGlowing": true,
      "glowColor": "#05450B"
    },
    "MutationData": {
      "hasMutation": false
    },
    "CentrifugeData": {
      "hasCentrifugeOutput": true,
      "mainOutput": "mekanism:dust_uranium"
    },
    "SpawnData": {
      "canSpawnInWorld": false
    },
    "BreedData": {
      "isBreedable": true,
      "parent1": "Lead",
      "parent2": "Radioactive",
      "breedWeight": 33,
      "feedItem": "mekanism:ingot_uranium",
      "feedAmount": 4
    },
    "TraitData": {
      "hasTraits": false
    }
  }