{
    "flower": "bigreactors:yellorium_block",
    "maxTimeInHive": 1500,
    "hasHoneycomb": true,
    "ColorData": {
      "isBeeColored": true,
      "honeycombColor": "#FFFF00",
      "primaryColor": "#FFFF00",
      "secondaryColor": "#02648C",
      "isGlowing": true,
      "glowColor": "#FFFF00"
    },
    "MutationData": {
      "hasMutation": false
    },
    "CentrifugeData": {
      "hasCentrifugeOutput": true,
      "mainOutput": "bigreactors:yellorium_dust"
    },
    "SpawnData": {
      "canSpawnInWorld": false
    },
    "BreedData": {
      "isBreedable": true,
      "parent1": "Lead",
      "parent2": "Radioactive",
      "breedWeight": 33,
      "feedItem": "bigreactors:yellorium_ingot",
      "feedAmount": 4
    },
    "TraitData": {
      "hasTraits": false
    }
  }