{
    "flower": "minecraft:lava",
    "maxTimeInHive": 1000,
    "traits": ["blaze", "nether"],
    "hasHoneycomb": true,
    "ColorData": {
      "isBeeColored": true,
      "honeycombColor": "#BD5900",
      "primaryColor": "#BD5900"
    },
    "MutationData": {
      "hasMutation": false
    },
    "CentrifugeData": {
      "hasCentrifugeOutput": true,
      "mainOutput": "minecraft:blaze_rod",
      "secondaryOutput": "minecraft:blaze_powder",
      "secondaryOutputWeight": 0.5,
      "secondaryOutputCount": 2,
      "mainOutputCount": 1
    },
    "SpawnData": {
      "canSpawnInWorld": false
    },
    "BreedData": {
      "isBreedable": true,
      "parent1": "Nether",
      "parent2": "Lava",
      "feedItem": "xreliquary:molten_core",
      "feedAmount": 4
    },
    "TraitData": {
      "hasTraits": true
    }
  }