{
  "flower": "minecraft:dragon_egg",
  "maxTimeInHive": 2400,
  "hasHoneycomb": true,
  "baseLayerTexture" : "dragon/dragon_bee",
  "traits": [ "ender", "nether", "wither" ],
  "ColorData": {
    "isBeeColored": true,
    "isGlowing": true,
    "modelType": "DRAGON",
    "primaryLayerTexture": "dragon/dragon_bee_primary",
    "secondaryLayerTexture": "dragon/dragon_bee_secondary",
    "emissiveLayerTexture": "dragon/dragon_bee_emissive",
    "primaryColor": "#222222",
    "secondaryColor": "#171717",
    "glowColor": "#E400FF",
    "honeycombColor": "#E400FF"
  },
  "MutationData": {
    "hasMutation": true,
    "mutations" : [
      {
        "type": "BLOCK",
        "inputID": "minecraft:stone",
        "chance": 0.5,
        "outputs": [
          {"outputID": "minecraft:end_stone", "weight": 10}
        ]
      }
    ]
  },
  "CentrifugeData": {
    "hasCentrifugeOutput": true,
    "mainOutput": "minecraft:dragon_egg",
    "bottleOutput": "minecraft:dragon_breath",
    "mainOutputWeight": 0.01,
    "bottleOutputWeight": 0.5,
    "mainOutputCount": 1
  },
  "SpawnData": {
    "canSpawnInWorld": false
  },
  "BreedData": {
    "isBreedable": true,
    "parent1": "End",
    "parent2": "BigBoss",
    "feedItem": "minecraft:dragon_breath",
    "feedAmount": 8
  },
  "TraitData": {
    "hasTraits": true
  }
}