{
  "flower": "minecraft:chorus_flower",
  "hasHoneycomb": true,
  "traits": ["ender"],
  "maxTimeInHive": 1800,
  "ColorData": {
    "isBeeColored": true,
    "honeycombColor": "#339786",
    "primaryColor": "#339786",
    "secondaryColor": "#303030"
  },
  "MutationData": {
    "hasMutation": true,
    "mutations" : [
      {
        "type": "BLOCK",
        "inputID": "minecraft:obsidian",
        "chance": 0.5,
        "outputs": [
          {"outputID": "minecraft:end_stone", "weight": 10}
        ]
      }
    ]
  },
  "CentrifugeData": {
    "hasCentrifugeOutput": true,
    "mainOutput": "minecraft:ender_pearl",
    "mainOutputCount": 1
  },
  "SpawnData": {
    "canSpawnInWorld": false
  },
  "BreedData": {
    "isBreedable": true,
    "parent1": "End",
    "parent2": "Dungeon",
    "feedItem": "xreliquary:nebulous_heart",
    "feedAmount": 4
  },
  "TraitData": {
    "hasTraits": true
  }
}