{
    "flower": "minecraft:lava",
    "maxTimeInHive": 1000,
    "hasHoneycomb": true,
    "traits": ["nether"],
    "ColorData": {
      "isBeeColored": true,
      "honeycombColor": "#B7C7C7",
      "primaryColor": "#B7C7C7"
    },
    "MutationData": {
      "hasMutation": false
    },
    "CentrifugeData": {
      "hasCentrifugeOutput": true,
      "mainOutput": "minecraft:ghast_tear",
      "mainOutputWeight": 0.7,
      "mainOutputCount": 1
    },
    "SpawnData": {
      "canSpawnInWorld": false
    },
    "BreedData": {
      "isBreedable": true,
      "parent1": "Nether",
      "parent2": "Creeper",
      "feedItem": "xreliquary:catalyzing_gland",
      "feedAmount": 4
    },
    "TraitData": {
      "hasTraits": true
    }
  }