{
    "flower": "minecraft:water",
    "hasHoneycomb": true,
    "traits": ["can_swim"],
    "maxTimeInHive": 1000,
    "ColorData": {
      "isBeeColored": true,
      "honeycombColor": "#8FC0AA",
      "primaryColor": "#8FC0AA"
    },
    "MutationData": {
      "hasMutation": false
    },
    "CentrifugeData": {
      "hasCentrifugeOutput": true,
      "mainOutput": "minecraft:prismarine_shard",
      "secondaryOutput" : "minecraft:prismarine_crystals",
      "bottleOutput": "pamhc2foodcore:freshwateritem",
      "mainOutputCount": 3,
      "secondaryOutputCount":2
    },
    "SpawnData": {
      "canSpawnInWorld": false
    },
    "BreedData": {
      "isBreedable": true,
      "parent1": "Lava",
      "parent2": "Creeper",
      "feedItem": "xreliquary:guardian_spike",
      "feedAmount": 2
    },
    "TraitData": {
      "hasTraits": true
    }
  }