{
    "flower": "minecraft:lava",
    "maxTimeInHive": 1000,
    "hasHoneycomb": true,
    "traits": ["nether"],
    "ColorData": {
      "isBeeColored": true,
      "honeycombColor": "#885956",
      "primaryColor": "#885956"
    },
    "MutationData": {
      "hasMutation": false
    },
    "CentrifugeData": {
      "hasCentrifugeOutput": true,
      "mainOutput": "minecraft:magma_cream",
      "mainOutputCount": 1
    },
    "SpawnData": {
      "canSpawnInWorld": false
    },
    "BreedData": {
      "isBreedable": true,
      "parent1": "Lava",
      "parent2": "Slimy",
      "feedItem": "xreliquary:molten_core",
      "feedAmount": 2
    },
    "TraitData": {
      "hasTraits": true
    }
  }