{
    "flower": "minecraft:nether_bricks",
    "maxTimeInHive": 1200,
    "hasHoneycomb": true,
    "baseLayerTexture": "wither/wither_bee",
    "traits": ["nether", "wither"],
    "ColorData": {
      "isBeeColored": false,
      "honeycombColor": "#444444"
    },
    "MutationData": {
      "hasMutation": false
    },
    "CentrifugeData": {
      "hasCentrifugeOutput": true,
      "mainOutput": "minecraft:wither_skeleton_skull",
      "mainOutputWeight": 0.1
    },
    "SpawnData": {
      "canSpawnInWorld": false
    },
    "BreedData": {
      "isBreedable": true,
      "feedItem": "minecraft:nether_star",
      "feedAmount": 1,    
      "parent1": "Nether",
      "parent2": "Skeleton"
    },
    "TraitData": {
      "hasTraits": true
    }
  }