{
  "__comment": "Instructions: https://mods.blakebr0.com/docs/cucumber/tags-config",
  "forge:ingots/constantan": "immersiveengineering:ingot_constantan",
  "forge:ingots/tungsten": "null",
  "forge:ingots/tin": "null",
  "forge:gems/sapphire": "null",
  "forge:ingots/bronze": "tcintegrations:bronze_ingot",
  "forge:ingots/electrum": "immersiveengineering:ingot_electrum",
  "forge:silicon": "refinedstorage:silicon",
  "forge:gems/apatite": "null",
  "forge:ingots/silver": "occultism:silver_ingot",
  "forge:dusts/saltpeter": "immersiveengineering:dust_saltpeter",
  "forge:ingots/steel": "immersiveengineering:ingot_steel",
  "forge:ingots/platinum": "null",
  "forge:ingots/lead": "immersiveengineering:ingot_lead",
  "forge:ingots/graphite": "biggerreactors:graphite_ingot",
  "forge:ingots/uranium": "biggerreactors:uranium_ingot",
  "forge:ingots/aluminum": "immersiveengineering:ingot_aluminum",
  "forge:ingots/mithril": "null",
  "forge:ingots/iridium": "null",
  "forge:ingots/zinc": "create:zinc_ingot",
  "forge:ingots/invar": "null",
  "forge:gems/ruby": "null",
  "forge:dusts/niter": "null",
  "forge:ingots/chrome": "null",
  "forge:ingots/brass": "create:brass_ingot",
  "forge:ingots/titanium": "null",
  "forge:rubber": "null",
  "forge:dusts/sulfur": "immersiveengineering:dust_sulfur",
  "forge:ingots/nickel": "immersiveengineering:ingot_nickel"
}