[
	{
		"mob": ["minecraft:zombie"],
		"persecond": 0.5,
		"attempts": 20,
		"amount": {
			"minimum": 5,
			"maximum": 15
		},
		"conditions": {
			"dimension": "minecraft:overworld",
			"mindist": 10,
			"maxdist": 100,
			"minheight": 1,
			"maxheight": 200,
			"maxthis": 100,
			"not": {
				"structuretags": "minecraft:village"
			}
		}
	},
	{
		"mob": ["mna:spell_breaker", "mna:witch_hunter", "mna:hulking_zombie", "mna:barkling", "mna:living_ward", "vampirism:vampire_baron"],
		"persecond": 0.5,
		"attempts": 20,
		"amount": {
			"minimum": 1,
			"maximum": 3
		},
		"conditions": {
			"dimension": "minecraft:overworld",
			"mindist": 25,
			"maxdist": 100,
			"minheight": 50,
			"maxheight": 200,
			"maxthis": 5
		}
	}
]