{
    "flower": "tag:forge:storage_blocks/aluminum",
    "hasHoneycomb": true,
    "maxTimeInHive": 1000,
    "ColorData": {
      "isBeeColored": true,
      "honeycombColor": "#C3CDD5",
      "primaryColor": "#C3CDD5"
    },
    "MutationData": {
      "hasMutation": false
    },
    "CentrifugeData": {
      "hasCentrifugeOutput": true,
      "mainOutput": "immersiveengineering:ingot_aluminum"
    },
    "SpawnData": {
      "canSpawnInWorld": false
    },
    "BreedData": {
      "isBreedable": true,
      "parent1": "Metallic",
      "parent2": "Rocky",
      "breedWeight": 10,
      "feedItem": "tag:forge:ingots/aluminum",
      "feedAmount": 3
    },
    "TraitData": {
      "hasTraits": false
    }
  }