{
    "flower": "tconstruct:cobalt_block",
    "hasHoneycomb": true,
    "maxTimeInHive": 1000,
    "baseLayerTexture": "ores/lapis/lapis_bee",
    "ColorData": {
      "isBeeColored": true,
      "primaryColor": "#0F3653",
      "honeycombColor": "#0000FF",
      "modelType": "ORE"
    },
    "MutationData": {
      "hasMutation": false
    },
    "CentrifugeData": {
      "hasCentrifugeOutput": true,
      "mainOutput": "tconstruct:cobalt_ingot"
    },
    "SpawnData": {
      "canSpawnInWorld": false
    },
    "BreedData": {
      "isBreedable": true,
      "parent1": "Metallic",
      "parent2": "Nether",
      "breedWeight": 10,
      "feedItem": "tag:forge:ingots/cobalt",
      "feedAmount": 3
    },
    "TraitData": {}
  }