{
    "flower": "tag:forge:storage_blocks/copper",
    "hasHoneycomb": true,
    "maxTimeInHive": 1000,
    "ColorData": {
      "isBeeColored": true,
      "honeycombColor": "#D28868",
      "primaryColor": "#D28868"
    },
    "MutationData": {
      "hasMutation": false
    },
    "CentrifugeData": {
      "hasCentrifugeOutput": true,
      "mainOutput": "mekanism:ingot_copper"
    },
    "SpawnData": {
      "canSpawnInWorld": false
    },
    "BreedData": {
      "isBreedable": true,
      "parent1": "Metallic",
      "parent2": "Rocky",
      "breedWeight": 10,
      "feedItem": "tag:forge:ingots/copper",
      "feedAmount": 3
    },
    "TraitData": {
      "hasTraits": false
    }
  }