{
  "flower": "tag:forge:storage_blocks/gold",
  "hasHoneycomb": true,
  "maxTimeInHive": 1000,
  "baseLayerTexture": "ores/gold/gold_bee",
  "ColorData": {
    "isBeeColored": false,
    "honeycombColor": "#FFDC00",
    "modelType": "ORE"
  },
  "MutationData": {
    "hasMutation": true,
    "mutations" : [
      {
        "type": "BLOCK",
        "inputID": "minecraft:stone",
        "outputs": [
          {"outputID": "minecraft:gold", "weight": 10},
          {"outputID": "minecraft:cobblestone", "weight": 10}
        ]
      }
    ]
  },
  "CentrifugeData": {
    "hasCentrifugeOutput": true,
    "mainOutput": "minecraft:gold_ingot"
  },
  "SpawnData": {
    "canSpawnInWorld": false
  },
  "BreedData": {
    "isBreedable": true,
    "parent1": "Metallic",
    "parent2": "Rocky",
    "breedWeight": 10,
    "feedItem": "tag:forge:ingots/gold",
    "feedAmount": 3
  },
  "TraitData": {}
}