{
    "flower": "tag:forge:storage_blocks/nickel",
    "maxTimeInHive": 1000,
    "hasHoneycomb": true,
    "ColorData": {
      "isBeeColored": true,
      "honeycombColor": "#F5F2A3",
      "primaryColor": "#F5F2A3"
    },
    "MutationData": {
      "hasMutation": false
    },
    "CentrifugeData": {
      "hasCentrifugeOutput": true,
      "mainOutput": "immersiveengineering:ingot_nickel"
    },
    "SpawnData": {
      "canSpawnInWorld": false
    },
    "BreedData": {
      "isBreedable": true,
      "parent1": "Metallic",
      "parent2": "Rocky",
      "breedWeight": 10,
      "feedItem": "tag:forge:ingots/nickel",
      "feedAmount": 3
    },
    "TraitData": {
      "hasTraits": false
    }
  }