{
    "flower": "tag:forge:storage_blocks/osmium",
    "maxTimeInHive": 1000,
    "hasHoneycomb": true,
    "ColorData": {
      "isBeeColored": true,
      "honeycombColor": "#BDCBD4",
      "primaryColor": "#B3C3C9",
      "secondaryColor": "#BDCBD4"
    },
    "MutationData": {
      "hasMutation": false
    },
    "CentrifugeData": {
      "hasCentrifugeOutput": true,
      "mainOutput": "mekanism:ingot_osmium"
    },
    "SpawnData": {
      "canSpawnInWorld": false
    },
    "BreedData": {
      "isBreedable": true,
      "parent1": "Metallic",
      "parent2": "Rocky",
      "breedWeight": 10,
      "feedItem": "tag:forge:ingots/osmium",
      "feedAmount": 3
    },
    "TraitData": {
      "hasTraits": false
    }
  }