{
    "flower": "tag:forge:storage_blocks/silver",
    "maxTimeInHive": 1000,
    "hasHoneycomb": true,
    "ColorData": {
      "isBeeColored": true,
      "honeycombColor": "#D1E1EC",
      "primaryColor": "#D1E1EC"
    },
    "MutationData": {
      "hasMutation": false
    },
    "CentrifugeData": {
      "hasCentrifugeOutput": true,
      "mainOutput": "immersiveengineering:ingot_silver"
    },
    "SpawnData": {
      "canSpawnInWorld": false
    },
    "BreedData": {
      "isBreedable": true,
      "parent1": "Metallic",
      "parent2": "Rocky",
      "breedWeight": 10,
      "feedItem": "tag:forge:ingots/silver",
      "feedAmount": 3
    },
    "TraitData": {
      "hasTraits": false
    }
  }