{
    "flower": "tag:forge:end_stones",
    "maxTimeInHive": 600,
    "hasHoneycomb": false,
    "ColorData": {
      "isBeeColored": true,
      "primaryColor": "#DAE1A1"
    },
    "MutationData": {
      "hasMutation": false
    },
    "CentrifugeData": {
      "hasCentrifugeOutput": false
    },
    "SpawnData": {
      "canSpawnInWorld": true,
      "biomeWhitelist": "TAG:end",
      "spawnWeight": 10,
      "minGroupSize": 1,
      "maxGroupSize": 5
    },
    "BreedData": {
      "isBreedable": true,
      "feedItem": "minecraft:ender_pearl",
      "feedAmount": 4
    },
    "TraitData": {
      "hasTraits": false
    }
  }