{
  "flower": "minecraft:water",
  "hasHoneycomb": true,
  "traits": ["can_swim"],
  "maxTimeInHive": 1200,
  "sizeModifier": 0.75,
  "ColorData": {
    "isBeeColored": true,
    "honeycombColor": "#92b9fe",
    "primaryColor": "#92b9fe",
    "secondaryColor": "#303030"
  },
  "MutationData": {
    "hasMutation": true,
    "mutations" : [
      {
        "type": "BLOCK",
        "inputID": "minecraft:water",
        "chance": 0.65,
        "outputs": [
          {"outputID": "minecraft:ice", "weight": 7},
          {"outputID": "minecraft:packed_ice", "weight": 3}
        ]
      }
    ]
  },
  "CentrifugeData": {
    "hasCentrifugeOutput": true,
    "mainOutput": "minecraft:snowball",
    "mainOutputCount": 3,
    "secondaryOutput" : "minecraft:ice",
    "secondaryOutputWeight": 0.1
  },
  "SpawnData": {
    "canSpawnInWorld": true,
    "biomeWhitelist": "tag:cold",
    "spawnWeight": 10,
    "minGroupSize": 1,
    "maxGroupSize": 5
  },
  "BreedData": {
    "isBreedable": true,
    "parent1": "Water",
    "parent2": "Skeleton",
    "feedItem": "tag:forge:ices/snowball",
    "feedAmount": 4
  },
  "TraitData": {
    "hasTraits": true
  }
}