{
  "flower": "tag:minecraft:leaves",
  "maxTimeInHive": 600,
  "hasHoneycomb": true,
  "ColorData": {
    "isBeeColored": true,
    "primaryColor": "#06B805"
  },
  "MutationData": {
    "hasMutation": false
  },
  "CentrifugeData": {
    "hasCentrifugeOutput": true,
    "mainOutput": "minecraft:vine",
    "mainOutputWeight": 0.25,
    "mainOutputCount": 1,
    "secondaryOutput" : "minecraft:grass",
    "secondaryOutputWeight": 0.25
  },
  "SpawnData": {
    "canSpawnInWorld": true,
    "biomeWhitelist": "tag:forest",
    "spawnWeight": 10,
    "minGroupSize": 1,
    "maxGroupSize": 5
  },
  "BreedData": {
    "isBreedable": true,
    "feedItem": "tag:minecraft:leaves",
    "feedAmount": 4
  },
  "TraitData": {
    "hasTraits": false
  }
}