{
  "flower": "tag:minecraft:logs",
  "maxTimeInHive": 600,
  "hasHoneycomb": true,
  "ColorData": {
    "isBeeColored": true,
    "primaryColor": "#453B2A",
    "honeycombColor": "#453B2A"
  },
  "MutationData": {
    "hasMutation": false
  },
  "CentrifugeData": {
    "hasCentrifugeOutput": true,
    "mainOutput": "minecraft:oak_log",
    "mainOutputCount": 1,
    "secondaryOutput" : "minecraft:apple",
    "secondaryOutputWeight": 0.02
  },
  "SpawnData": {
    "canSpawnInWorld": true,
    "biomeWhitelist": "tag:forest",
    "spawnWeight": 10,
    "minGroupSize": 1,
    "maxGroupSize": 5
  },
  "BreedData": {
    "isBreedable": true,
    "feedItem": "tag:minecraft:logs",
    "feedAmount": 4
  },
  "TraitData": {
    "hasTraits": false
  }
}