{
  "flower": "ALL",
  "maxTimeInHive": 600,
  "hasHoneycomb": true,
  "ColorData": {
    "isBeeColored": true,
    "primaryColor": "#48544F",
    "honeycombColor": "#48544F"
  },
  "MutationData": {
    "hasMutation": false
  },
  "CentrifugeData": {
    "hasCentrifugeOutput": true,
    "mainOutput": "minecraft:clay_ball",
    "secondaryOutput": "minecraft:brick",
    "mainOutputCount": 3,
    "secondaryOutputCount": 1,
    "secondaryOutputWeight": 0.8
  },
  "SpawnData": {
    "canSpawnInWorld": true,
    "biomeWhitelist": "tag:overworld",
    "spawnWeight": 10,
    "minGroupSize": 1,
    "maxGroupSize": 5
  },
  "BreedData": {
    "isBreedable": true,
    "feedItem": "tag:forge:clay",
    "feedAmount": 5
  },
  "TraitData": {
    "hasTraits": false
  }
}