{
    "flower": "minecraft:nether_wart",
    "maxTimeInHive": 1000,
    "traits": ["nether"],
    "hasHoneycomb": false,
    "ColorData": {
      "isBeeColored": true,
      "primaryColor": "#870F0F"
    },
    "MutationData": {
      "hasMutation": false
    },
    "CentrifugeData": {
      "hasCentrifugeOutput": false
    },
    "SpawnData": {
      "canSpawnInWorld": true,
      "biomeWhitelist": "tag:nether", 
      "spawnWeight": 10,
      "minGroupSize": 1,
      "maxGroupSize": 5
    },
    "BreedData": {
      "isBreedable": true,
      "feedItem": "tag:forge:crops/nether_wart",
      "feedAmount": 4
    },
    "TraitData": {
      "hasTraits": true
    }
  }