{
  "flower": "ALL",
  "maxTimeInHive": 700,
  "hasHoneycomb": true,
  "ColorData": {
    "isBeeColored": true,
    "primaryColor": "#5A5A5A",
    "honeycombColor": "#5A5A5A"
  },
  "MutationData": {
    "hasMutation": true,
    "mutations" : [
      {
        "type": "BLOCK",
        "inputID": "minecraft:cobblestone",
        "outputs": [
          {"outputID": "minecraft:stone", "weight": 10}
        ]
      }
    ]
  },
  "CentrifugeData": {
    "hasCentrifugeOutput": true,
    "mainOutput": "minecraft:stone",
    "secondaryOutput": "minecraft:gravel",
    "mainOutputCount": 3,
    "mainOutputWeight": 0.9,
    "secondaryOutputWeight": 0.5,
    "secondaryOutputCount": 2
  },
  "SpawnData": {
    "canSpawnInWorld": true,
    "biomeWhitelist": "tag:mountain",
    "spawnWeight": 10,
    "minGroupSize": 1,
    "maxGroupSize": 5
  },
  "BreedData": {
    "isBreedable": true,
    "parent1": "Mason",
    "parent2": "Sandy",
    "feedItem": "tag:forge:stone",
    "feedAmount": 4
  },
  "TraitData": {
    "hasTraits": false
  }
}