{
  "flower": "ALL",
  "maxTimeInHive": 600,
  "hasHoneycomb": true,
  "ColorData": {
    "isBeeColored": true,
    "primaryColor": "#DDD2B7",
    "honeycombColor": "#DDD2B7"
  },
  "MutationData": {
    "hasMutation": false
  },
  "CentrifugeData": {
    "hasCentrifugeOutput": true,
    "mainOutput": "minecraft:sand",
    "mainOutputCount": 3,
    "secondaryOutput" : "minecraft:red_sand",
    "secondaryOutputWeight": 0.25,
    "secondaryOutputCount": 2
  },
  "SpawnData": {
    "canSpawnInWorld": true,
    "biomeWhitelist": "tag:sandy",
    "spawnWeight": 10,
    "minGroupSize": 1,
    "maxGroupSize": 5
  },
  "BreedData": {
    "isBreedable": true,
    "feedItem": "tag:forge:sand",
    "feedAmount": 4
  },
  "TraitData": {
    "hasTraits": false
  }
}