{
  "flower": "tag:forge:storage_blocks/gold",
  "hasHoneycomb": true,
  "maxTimeInHive": 800,
  "ColorData": {
    "isBeeColored": true,
    "honeycombColor": "#FFDC00",
    "primaryColor": "#FFDC00",
    "secondaryColor": "#303030"
  },
  "MutationData": {
    "hasMutation": false
  },
  "CentrifugeData": {
    "hasCentrifugeOutput": true,
    "mainOutput": "minecraft:gold_ingot"
  },
  "SpawnData": {
    "canSpawnInWorld": false
  },
  "BreedData": {
    "isBreedable": true,
    "parent1": "Crystal",
    "parent2": "Mason",
    "feedItem": "tag:forge:nuggets/gold",
    "feedAmount": 3
  },
  "TraitData": {
    "hasTraits": false
  }
}