{
  "flower": "tag:forge:storage_blocks/platinum",
  "maxTimeInHive": 800,
  "hasHoneycomb": true,
  "ColorData": {
    "isBeeColored": true,
    "honeycombColor": "#A4EDFC",
    "primaryColor": "#A4EDFC"
  },
  "MutationData": {
    "hasMutation": false
  },
  "CentrifugeData": {
    "hasCentrifugeOutput": true,
    "mainOutput": "alltheores:platinum_ingot"
  },
  "SpawnData": {
    "spawnInWorld": false
  },
  "BreedData": {
    "isBreedable": true,
    "parent1": "Ender",
    "parent2": "Gold",
    "feedItem": "tag:forge:nuggets/platinum",
    "feedAmount": 3
  },
  "TraitData": {
    "hasTraits": false
  }
}