{
  "ae2:charger": null,
  "ae2:crafting_monitor": null,
  "ae2:debug": null,
  "ae2:grid_node_state": null,
  "ae2:part_icon": null,
  "ae2:part_mod_name": null,
  "ae2:part_name": null,
  "ae2:part_tooltip": null,
  "ae2:pattern_provider": null,
  "ae2:power_storage": null,
  "ae2:server_data": null,
  "apotheosis:adventure": null,
  "apotheosis:ench": null,
  "apotheosis:spawner": null,
  "ars_nouveau:mob_jar": null,
  "balm:jade": null,
  "cookingforblockheads:fridge": null,
  "cookingforblockheads:milk_jar": null,
  "cookingforblockheads:oven": null,
  "cookingforblockheads:preservation_chamber": null,
  "cookingforblockheads:sink": null,
  "cookingforblockheads:toaster": null,
  "easy_villagers:breeder": null,
  "easy_villagers:converter": null,
  "easy_villagers:villager": null,
  "globalxp:display": null,
  "immersiveengineering:multiblock_icon": null,
  "immersiveengineering:multiblock_inventory": null,
  "immersiveengineering:multiblock_tank": null,
  "integrateddynamicscompat:drying_basin": null,
  "integrateddynamicscompat:mechanical_drying_basin": null,
  "integrateddynamicscompat:mechanical_squeezer": null,
  "integrateddynamicscompat:part": null,
  "integrateddynamicscompat:proxy": null,
  "integrateddynamicscompat:squeezer": null,
  "jade:block_face": null,
  "jade:distance": null,
  "jade:mod_name": null,
  "jade:object_name": null,
  "jade:registry_name": null,
  "jadeaddons.create:backtank_capacity": null,
  "jadeaddons.create:blaze_burner": null,
  "jadeaddons.create:contraption_inv": null,
  "jadeaddons.create:crafting_blueprint": null,
  "jadeaddons.create:exact_block": null,
  "jadeaddons.create:filter": null,
  "jadeaddons.create:goggles": null,
  "jadeaddons.create:hide_boiler_tanks": null,
  "jadeaddons.create:package": null,
  "jadeaddons.create:placard": null,
  "jadeaddons.create:table_cloth": null,
  "jadeaddons.lootr:info": null,
  "jadeaddons.lootr:inventory": null,
  "jadeaddons.tconstruct:casting_table": null,
  "jadeaddons.tconstruct:duct_fluid": null,
  "jadeaddons.tconstruct:duct_item": null,
  "minecolonies_compatibility:crop.age": null,
  "minecolonies_compatibility:postbox.requested": null,
  "minecolonies_compatibility:stash.requested": null,
  "minecraft:animal_owner": null,
  "minecraft:armor_stand": null,
  "minecraft:beehive": null,
  "minecraft:block_display": null,
  "minecraft:block_states": null,
  "minecraft:brewing_stand": null,
  "minecraft:campfire": null,
  "minecraft:chicken_egg": null,
  "minecraft:chiseled_bookshelf": null,
  "minecraft:command_block": null,
  "minecraft:crop_progress": null,
  "minecraft:enchantment_power": null,
  "minecraft:energy_storage": null,
  "minecraft:entity_armor": null,
  "minecraft:entity_health": null,
  "minecraft:falling_block": null,
  "minecraft:fluid_storage": null,
  "minecraft:furnace": null,
  "minecraft:harvest_tool": null,
  "minecraft:horse_stats": null,
  "minecraft:item_ber": null,
  "minecraft:item_display": null,
  "minecraft:item_frame": null,
  "minecraft:item_storage": null,
  "minecraft:item_tooltip": null,
  "minecraft:jukebox": null,
  "minecraft:lectern": null,
  "minecraft:mob_breeding": null,
  "minecraft:mob_growth": null,
  "minecraft:mob_spawner": null,
  "minecraft:note_block": null,
  "minecraft:painting": null,
  "minecraft:player_head": null,
  "minecraft:potion_effects": null,
  "minecraft:progress": null,
  "minecraft:redstone": null,
  "minecraft:tnt_stability": null,
  "minecraft:total_enchantment_power": null,
  "minecraft:villager_profession": null,
  "minecraft:waxed": null,
  "minecraft:zombie_villager": null,
  "modularrouters:router": null,
  "mysticalagradditions:infused_farmland": null,
  "mysticalagriculture:crop": null,
  "mysticalagriculture:inferium_crop": null,
  "mysticalagriculture:infused_farmland": null,
  "productivebees:canvas_beehive": null,
  "productivebees:jar": null,
  "productivebees:productive_bee": null,
  "productivebees:solitary_nest": null,
  "tombstone:decorative_graves": null,
  "tombstone:player_graves": null,
  "vampirism:alchemy_table": null,
  "vampirism:altar_of_infusion": null,
  "vampirism:altar_of_inspiration": null,
  "vampirism:altar_pillar": null,
  "vampirism:entity_blood": null,
  "vampirism:garlic_beacon": null,
  "vampirism:pedestal_charging": null,
  "vampirism:player_faction": null,
  "vampirism:potion_table": null,
  "vampirism:research_table": null,
  "vampirism:totem": null,
  "vampirism:weapon_table": null,
  "waystones:waystone": null,
  "woot_revived:machines": null
}