{
  "__comment": "Instructions: https://mods.blakebr0.com/docs/cucumber/tags-config",
  "forge:ingots/tungsten": "null",
  "forge:ingots/copper": "tmechworks:copper_ingot",
  "forge:ingots/lumium": "thermal:lumium_ingot",
  "forge:silicon": "refinedstorage:silicon",
  "forge:gems/apatite": "thermal:apatite",
  "forge:dusts/saltpeter": "immersiveengineering:dust_saltpeter",
  "forge:ingots/steel": "mekanism:ingot_steel",
  "forge:ingots/lead": "mekanism:ingot_lead",
  "forge:ingots/mithril": "null",
  "forge:ingots/iridium": "null",
  "forge:ingots/zinc": "create:zinc_ingot",
  "forge:ingots/invar": "thermal:invar_ingot",
  "forge:dusts/niter": "thermal:niter_dust",
  "forge:ingots/chrome": "null",
  "forge:ingots/enderium": "thermal:enderium_ingot",
  "forge:dusts/sulfur": "mekanism:dust_sulfur",
  "forge:ingots/nickel": "immersiveengineering:ingot_nickel",
  "forge:ingots/constantan": "immersiveengineering:ingot_constantan",
  "forge:ingots/tin": "mekanism:ingot_tin",
  "forge:ingots/bronze": "mekanism:ingot_bronze",
  "forge:ingots/electrum": "immersiveengineering:ingot_electrum",
  "forge:ingots/silver": "immersiveengineering:ingot_silver",
  "forge:ingots/platinum": "null",
  "forge:ingots/graphite": "bigreactors:graphite_ingot",
  "forge:ingots/uranium": "mekanism:ingot_uranium",
  "forge:ingots/aluminum": "tmechworks:aluminum_ingot",
  "forge:ingots/signalum": "thermal:signalum_ingot",
  "forge:ingots/brass": "create:brass_ingot",
  "forge:ingots/titanium": "null",
  "forge:rubber": "null"
}