{
  "flower": "tag:forge:storage_blocks/coal",
  "maxTimeInHive": 600,
  "hasHoneycomb": true,
  "baseLayerTexture": "ores/coal/coal_bee",
  "ColorData": {
    "isBeeColored": false,
    "honeycombColor": "#303030",
    "modelType": "ORE"
  },
  "MutationData": {
    "hasMutation": true,
    "mutations" : [
      {
        "type": "BLOCK",
        "inputID": "minecraft:stone",
        "chance": 0.75,
        "outputs": [
          {"outputID": "minecraft:coal_ore", "weight": 10}
        ]
      }
    ]
  },
  "CentrifugeData": {
    "hasCentrifugeOutput": true,
    "mainOutput": "minecraft:coal",
    "mainOutputCount": 16
  },
  "SpawnData": {
    "canSpawnInWorld": false
  },
  "BreedData": {
    "isBreedable": true,
    "parent1": "Rocky",
    "parent2": "Lumber",
    "feedItem": "minecraft:coal",
    "feedAmount": 4
  },
  "TraitData": {}
}