{
    "flower": "minecraft:glowstone",
    "maxTimeInHive": 1000,
    "hasHoneycomb": true,
    "traits": ["nether", "pigman"],
    "ColorData": {
      "isBeeColored": true,
      "honeycombColor": "#F1ED95",
      "primaryColor": "#D6D30D",
      "isGlowing": true,
      "glowColor": "#D6D30D"
    },
    "MutationData": {
      "hasMutation": false
    },
    "CentrifugeData": {
      "hasCentrifugeOutput": true,
      "mainOutput": "minecraft:glowstone_dust",
      "mainOutputCount": 2
    },
    "SpawnData": {
      "canSpawnInWorld": false
    },
    "BreedData": {
      "isBreedable": true,
      "parent1": "Redstone",
      "parent2": "Nether",
      "feedItem": "tag:forge:dusts/glowstone",
      "feedAmount": 4
    },
    "TraitData": {
      "hasTraits": true
    }
  }