{
    "flower": "ALL",
    "maxTimeInHive": 600,
    "hasHoneycomb": true,
    "ColorData": {
      "isBeeColored": true,
      "honeycombColor": "#4E7036",
      "primaryColor": "#4E7036"
    },
    "MutationData": {
      "hasMutation": false
    },
    "CentrifugeData": {
      "hasCentrifugeOutput": true,
      "mainOutput": "mysticalagriculture:inferium_essence",
      "mainOutputCount": 4,
      "secondaryOutput": "mysticalagriculture:prosperity_shard",
      "secondaryOutputCount": 1,
      "secondaryOutputWeight": 0.3
    },
    "SpawnData": {
      "canSpawnInWorld": false
    },
    "BreedData": {
      "isBreedable": true,
      "parent1": "Leafcutter",
      "parent2": "Lumber",
      "feedItem": "mysticalagriculture:prudentium_essence",
      "feedAmount": 4
    },
    "TraitData": {}
  }