{
    "flower": "minecraft:lava",
    "maxTimeInHive": 1000,
    "traits": ["nether"],
    "hasHoneycomb": true,
    "ColorData": {
      "isBeeColored": true,
      "primaryColor": "#DB4819",
      "honeycombColor": "#DB4819",
      "isGlowing": true,
      "glowColor": "#DB4819"
    },
    "MutationData": {
      "hasMutation": false
    },
    "CentrifugeData": {
      "hasCentrifugeOutput": false
    },
    "SpawnData": {
      "canSpawnInWorld": false
    },
    "BreedData": {
      "isBreedable": true,
      "parent1": "Water",
      "parent2": "Nether",
      "feedItem": "minecraft:lava_bucket",
      "feedAmount": 1
    },
    "TraitData": {
      "hasTraits": true
    }
  }