{
    "flower": "tag:forge:mushrooms",
    "maxTimeInHive": 1000,
    "hasHoneycomb": true,
    "sizeModifier": 2,
    "baseLayerTexture": "mushroom/bee_brown",
    "ColorData": {
      "isBeeColored": false,
      "honeycombColor": "#F0F0F0",
      "primaryColor": "#F0F0F0",
      "secondaryColor": "#A0A0A0",
      "modelType": "MUSHROOM"
    },
    "MutationData": {
      "hasMutation": false
    },
    "CentrifugeData": {
        "hasCentrifugeOutput": true,
        "mainOutput": "minecraft:red_mushroom",
        "secondaryOutput": "minecraft:brown_mushroom",
        "mainOutputCount": 1,
        "secondaryOutputCount": 1,
        "secondaryOutputWeight": 0.75
    },
    "SpawnData": {
      "canSpawnInWorld": false
    },
    "BreedData": {
      "isBreedable": true,
      "parent1": "Dungeon",
      "parent2": "Leafcutter",
      "feedItem": "tag:forge:mushrooms",
      "feedAmount": 4
    },
    "TraitData": {}
  }