{
    "flower": "minecraft:obsidian",
    "maxTimeInHive": 600,
    "hasHoneycomb": true,
    "baseLayerTexture": "ores/coal/coal_bee",
    "ColorData": {
      "isBeeColored": true,
      "honeycombColor": "#211B20",
      "primaryColor": "#211B20",
      "secondaryColor": "#1E005D",
      "modelType": "ORE"
    },
    "MutationData": {
      "hasMutation": false
    },
    "CentrifugeData": {
      "hasCentrifugeOutput": true,
      "mainOutput": "minecraft:obsidian"
    },
    "SpawnData": {
      "canSpawnInWorld": false
    },
    "BreedData": {
      "isBreedable": true,
      "parent1": "Water",
      "parent2": "Lava",
      "feedItem": "minecraft:obsidian",
      "feedAmount": 3
    },
    "TraitData": {
      "hasTraits": false
    }
  }