{
    "flower": "thermal:sulfur_block",
    "maxTimeInHive": 700,
    "hasHoneycomb": true,
    "ColorData": {
      "isBeeColored": true,
      "honeycombColor": "#CCCC00",
      "primaryColor": "#CCCC00"
    },
    "MutationData": {
      "hasMutation": false
    },
    "CentrifugeData": {
      "hasCentrifugeOutput": true,
      "mainOutput": "mekanism:dust_sulfur"
    },
    "SpawnData": {
      "canSpawnInWorld": false
    },
    "BreedData": {
      "isBreedable": true,
      "parent1": "Lava",
      "parent2": "Creeper",
      "feedItem": "tag:forge:dusts/sulfur",
      "feedAmount": 4
    },
    "TraitData": {
      "hasTraits": false
    }
  }