{
    "flower": "tag:minecraft:wool",
    "maxTimeInHive": 1000,
    "hasHoneycomb": true,
    "sizeModifier": 2,
    "ColorData": {
      "isBeeColored": true,
      "honeycombColor": "#F0F0F0",
      "primaryColor": "#F0F0F0",
      "secondaryColor": "#A0A0A0"
    },
    "MutationData": {
      "hasMutation": false
    },
    "CentrifugeData": {
        "hasCentrifugeOutput": true,
        "mainOutput": "minecraft:string",
        "secondaryOutput": "minecraft:white_wool",
        "mainOutputCount": 1,
        "secondaryOutputCount": 1,
        "secondaryOutputWeight": 0.5
    },
    "SpawnData": {
      "canSpawnInWorld": false
    },
    "BreedData": {
      "isBreedable": true,
      "parent1": "Skeleton",
      "parent2": "Leafcutter",
      "feedItem": "minecraft:white_wool",
      "feedAmount": 4
    },
    "TraitData": {}
  }