{
    "flower": "tag:minecraft:beds",
    "maxTimeInHive": 800,
    "hasHoneycomb": false,
    "sizeModifier": 2,
    "baseLayerTexture": "queen/queen_bee",
    "ColorData": {
      "isBeeColored": true,
      "honeycombColor": "#FEE92E",
      "modelType": "QUEEN",
      "primaryColor": "#FEE92E"
    },
    "MutationData": {
      "hasMutation": false
    },
    "CentrifugeData": {
      "hasCentrifugeOutput": false
    },
    "SpawnData": {
      "canSpawnInWorld": false
    },
    "BreedData": {
      "isBreedable": true,
      "parent1": "Dungeon",
      "parent2": "Gemstone",
      "feedItem": "tag:forge:gems/emerald",
      "feedAmount": 3
    },
    "TraitData": {
      "hasTraits": false
    }
  }