{
    "flower": "tag:forge:storage_blocks/diamond",
    "maxTimeInHive": 800,
    "hasHoneycomb": false,
    "baseLayerTexture": "gilded/gilded_alchemist_bee",
    "ColorData": {
      "isBeeColored": true,
      "modelType": "ORE",
      "honeycombColor": "#D829F7",
      "primaryColor": "#D829F7"
    },
    "MutationData": {
      "hasMutation": false
    },
    "CentrifugeData": {
      "hasCentrifugeOutput": false
    },
    "SpawnData": {
      "canSpawnInWorld": false
    },
    "BreedData": {
      "isBreedable": true,
      "parent1": "Metallic",
      "parent2": "Sandy",
      "feedItem": "tag:forge:gems/diamond",
      "feedAmount": 3
    },
    "TraitData": {
      "hasTraits": false
    }
  }