{
    "flower": "tag:forge:storage_blocks/iron",
    "maxTimeInHive": 800,
    "hasHoneycomb": false,
    "baseLayerTexture": "armored/armored_bee",
    "ColorData": {
      "isBeeColored": true,
      "modelType": "ARMORED",
      "honeycombColor": "#C0C0C0",
      "primaryColor": "#C0C0C0"
    },
    "MutationData": {
      "hasMutation": false
    },
    "CentrifugeData": {
      "hasCentrifugeOutput": false
    },
    "SpawnData": {
      "canSpawnInWorld": false
    },
    "BreedData": {
      "isBreedable": true,
      "parent1": "Creeper",
      "parent2": "Rocky",
      "feedItem": "tag:forge:ingots",
      "feedAmount": 4
    },
    "TraitData": {
      "hasTraits": false
    }
  }