{
    "flower": "tag:forge:storage_blocks/uranium",
    "maxTimeInHive": 800,
    "hasHoneycomb": false,
    "ColorData": {
      "isBeeColored": true,
      "honeycombColor": "#05450B",
      "primaryColor": "#05450B",
      "secondaryColor": "#000000",
      "isGlowing": true,
      "glowColor": "#05450B"
    },
    "MutationData": {
      "hasMutation": false
    },
    "CentrifugeData": {
      "hasCentrifugeOutput": false
    },
    "SpawnData": {
      "canSpawnInWorld": false
    },
    "BreedData": {
      "isBreedable": true,
      "parent1": "Metallic",
      "parent2": "End",
      "feedItem": "tag:forge:ingots/uranium",
      "feedAmount": 4
    },
    "TraitData": {
      "hasTraits": false
    }
  }