{"fire_recipes":[{"id":"sky_dust","hash":"-1314925763"},{"id":"devil_dust_secondary","hash":"-613602679"},{"id":"devil_dust","hash":"152898967"}],"wizmodules":[{"id":"modifier_increase_speed","hash":"-1309384722"},{"id":"effect_place","hash":"-282938453"},{"id":"effect_burn","hash":"-239849956"},{"id":"effect_zoom","hash":"-606704793"},{"id":"effect_break","hash":"439648697"},{"id":"shape_projectile","hash":"-701646810"},{"id":"effect_time_slow","hash":"-1650304665"},{"id":"effect_shatter","hash":"859270476"},{"id":"shape_self","hash":"-566997146"},{"id":"effect_vanish","hash":"-300764054"},{"id":"effect_low_gravity","hash":"-1040304040"},{"id":"shape_beam","hash":"1188160198"},{"id":"effect_lightning","hash":"1291670682"},{"id":"effect_leap","hash":"1083349184"},{"id":"effect_grace","hash":"595299813"},{"id":"modifier_increase_aoe","hash":"-1063718240"},{"id":"shape_cone","hash":"-148519675"},{"id":"effect_frost","hash":"327978021"},{"id":"effect_gravity_well","hash":"1155236901"},{"id":"effect_phase","hash":"1365796743"},{"id":"effect_leech","hash":"1172526367"},{"id":"effect_crasher_fall","hash":"1508304244"},{"id":"effect_decay","hash":"750223194"},{"id":"effect_telekinesis","hash":"1588193961"},{"id":"effect_substitution","hash":"87124631"},{"id":"modifier_increase_potency","hash":"-2000588820"},{"id":"effect_time_lock","hash":"1869956124"},{"id":"effect_anti_gravity_well","hash":"761020684"},{"id":"effect_thrive","hash":"-1589736008"},{"id":"shape_touch","hash":"-1160469756"},{"id":"shape_zone","hash":"-793005326"},{"id":"effect_extract","hash":"1137873493"},{"id":"effect_poison_cloud","hash":"1047724218"},{"id":"effect_bouncing","hash":"-163374912"},{"id":"effect_backup","hash":"2143717688"},{"id":"shape_fairy","hash":"1091580067"},{"id":"effect_suffocate","hash":"-1056039257"},{"id":"effect_light","hash":"723847703"},{"id":"modifier_extend_range","hash":"1991046311"},{"id":"effect_sonic","hash":"1715152356"},{"id":"modifier_extend_time","hash":"-1202626546"}],"fluid_recipes":[{"id":"wisdom_log","hash":"-1582625995"},{"id":"wisdom_leaves","hash":"-147722828"},{"id":"mana_battery","hash":"-916619734"},{"id":"codex","hash":"-941725894"},{"id":"wisdom_sapling","hash":"-1852320092"},{"id":"mana_orb","hash":"-1953712894"},{"id":"wisdom_stairs","hash":"-534826132"},{"id":"wisdom_door","hash":"-935910307"},{"id":"temp_real_halo","hash":"-1789168228"},{"id":"wisdom_fence_gate","hash":"827782280"},{"id":"unicorn_dagger","hash":"918430143"},{"id":"nacre","hash":"-1075074243"},{"id":"wisdom_stick","hash":"1214418681"},{"id":"wisdom_plank","hash":"-1331345478"},{"id":"wisdom_slab","hash":"-1680796991"},{"id":"wisdom_fence","hash":"1032060181"}]}