{
    "flower": "tag:forge:storage_blocks/quartz",
    "maxTimeInHive": 1500,
    "hasHoneycomb": true,
    "ColorData": {
      "isBeeColored": true,
      "honeycombColor": "#666699",
      "primaryColor": "#666699"
    },
    "MutationData": {
      "hasMutation": false
    },
    "CentrifugeData": {
      "hasCentrifugeOutput": true,
      "mainOutput": "refinedstorage:silicon",
      "mainOutputWeight": 0.7
    },
    "SpawnData": {
      "canSpawnInWorld": false
    },
    "BreedData": {
      "isBreedable": true,
      "parent1": "Quartz",
      "parent2": "Certus",
      "feedItem": "appliedenergistics2:charged_certus_quartz_crystal",
      "feedAmount": 6
    },
    "TraitData": {
      "hasTraits": false
    }
  }