{
  "flower": "tag:forge:storage_blocks/diamond",
  "maxTimeInHive": 1500,
  "hasHoneycomb": true,
  "baseLayerTexture": "ores/diamond/diamond_bee",
  "ColorData": {
    "isBeeColored": false,
    "honeycombColor": "#00ffff",
    "modelType": "ORE"
  },
  "MutationData": {
    "hasMutation": false
  },
  "CentrifugeData": {
    "hasCentrifugeOutput": true,
    "mainOutput": "minecraft:diamond",
    "mainOutputCount": 1
  },
  "SpawnData": {
    "canSpawnInWorld": false
  },
  "BreedData": {
    "isBreedable": true,
    "parent1": "Gemstone",
    "parent2": "Obsidian",
    "feedItem": "minecraft:diamond",
    "feedAmount": 3
  },
  "TraitData": {}
}