{
  "flower": "tag:forge:storage_blocks/emerald",
  "maxTimeInHive": 1500,
  "hasHoneycomb": true,
  "baseLayerTexture": "ores/emerald/emerald_bee",
  "ColorData": {
    "isBeeColored": false,
    "honeycombColor": "#18eb09",
    "modelType": "ORE"
  },
  "MutationData": {
    "hasMutation": false
  },
  "CentrifugeData": {
    "hasCentrifugeOutput": true,
    "mainOutput": "minecraft:emerald"
  },
  "SpawnData": {
    "canSpawnInWorld": false
  },
  "BreedData": {
    "isBreedable": true,
    "parent1": "Gemstone",
    "parent2": "Sandy",
    "feedItem": "minecraft:emerald",
    "feedAmount": 3
  },
  "TraitData": {}
}