{
    "flower": "appliedenergistics2:quartz_block",
    "maxTimeInHive": 700,
    "hasHoneycomb": true,
    "sizeModifier": 0.75,
    "ColorData": {
      "isBeeColored": true,
      "honeycombColor": "#333333",
      "primaryColor": "#b2b7d4",
      "secondaryColor": "#303030"
    },
    "MutationData": {
      "hasMutation": false
    },
    "CentrifugeData": {
      "hasCentrifugeOutput": true,
      "mainOutput": "appliedenergistics2:certus_quartz_crystal",
      "mainOutputCount": 2
    },
    "SpawnData": {
      "canSpawnInWorld": false
    },
    "BreedData": {
      "isBreedable": true,
      "parent1": "Crystal",
      "parent2": "Iron",
      "feedItem": "appliedenergistics2:certus_quartz_dust",
      "feedAmount": 2
    },
    "TraitData": {
      "hasTraits": false
    }
  }