[
	{
		"mob" : ["minecraft:creeper"],
		"result" : "deny"
	},
	{
		"mob" : ["vampirism:hunter", "vampirism:advanced_hunter"],
		"mincount": 30,
		"result" : "deny"
	},
	{
		"mob" : ["minecraft:zombie"],
		"result" : "default",
		"when": "finalize",
		"nbt": {
		"Attributes": [
			{
			  "Base": 0.23,
			  "Modifiers": [
			    {
			      "Operation": 2,
			      "Amount": -0.5,
			      "Name": "effect.moveSlowdown 0"
			    }
			  ],
			  "Name": "generic.movementSpeed"
			}
			]
		}
	}
]