{
  "flower": "tag:forge:storage_blocks/bronze",
  "hasHoneycomb": true,
  "maxTimeInHive": 800,
  "ColorData": {
    "isBeeColored": true,
    "honeycombColor": "#FCCB77",
    "primaryColor": "#FCCB77"
  },
  "MutationData": {
    "hasMutation": false
  },
  "CentrifugeData": {
    "hasCentrifugeOutput": true,
    "mainOutput": "thermal:bronze_ingot"
  },
  "SpawnData": {
    "canSpawnInWorld": false
  },
  "BreedData": {
    "isBreedable": true,
    "parent1": "Copper",
    "parent2": "Tin",
    "feedItem": "tag:forge:nuggets/bronze",
    "feedAmount": 3
  },
  "TraitData": {
    "hasTraits": false
  }
}