{
  "flower": "tag:forge:storage_blocks/refined_obsidian",
  "maxTimeInHive": 900,
  "traits": ["nether"],
  "hasHoneycomb": true,
  "ColorData": {
    "isBeeColored": true,
    "honeycombColor": "#9680B9",
    "primaryColor": "#9680B9"
  },
  "MutationData": {
    "hasMutation": false
  },
  "CentrifugeData": {
    "hasCentrifugeOutput": true,
    "mainOutput": "mekanism:ingot_refined_obsidian",
    "mainOutputWeight": 0.8
  },
  "SpawnData": {
    "spawnInWorld": false
  },
  "BreedData": {
    "isBreedable": true,
    "parent1": "Osmium",
    "parent2": "Obsidian",
    "feedItem": "tag:forge:nuggets/refined_obsidian",
    "feedAmount": 3
  },
  "TraitData": {
    "hasTraits": true
  }
}