{
  "__comment": "Instructions: https://blakesmods.com/docs/cucumber/tags-config",
  "forge:ingots/nickel": "thermal:nickel_ingot",
  "forge:dusts/saltpeter": "bloodmagic:saltpeter",
  "forge:ingots/titanium": "null",
  "forge:ingots/electrum": "thermal:electrum_ingot",
  "forge:silicon": "ae2:silicon",
  "forge:ingots/silver": "occultism:silver_ingot",
  "forge:gems/apatite": "thermal:apatite",
  "forge:gems/sapphire": "thermal:sapphire",
  "forge:ingots/invar": "thermal:invar_ingot",
  "forge:rubber": "productivetrees:cured_rubber",
  "forge:dusts/sulfur": "bloodmagic:sulfur",
  "forge:ingots/brass": "create:brass_ingot",
  "forge:ingots/signalum": "thermal:signalum_ingot",
  "forge:dusts/niter": "thermal:niter_dust",
  "forge:ingots/chrome": "null",
  "forge:gems/ruby": "samurai_dynasty:ruby",
  "forge:ingots/zinc": "create:zinc_ingot",
  "forge:ingots/uranium": "immersiveengineering:ingot_uranium",
  "forge:ingots/graphite": "null",
  "forge:ingots/bronze": "tcintegrations:bronze_ingot",
  "forge:ingots/iridium": "null",
  "forge:ingots/mithril": "null",
  "forge:ingots/lead": "thermal:lead_ingot",
  "forge:gems/peridot": "null",
  "forge:ingots/platinum": "null",
  "forge:ingots/aluminum": "immersiveengineering:ingot_aluminum",
  "forge:ingots/constantan": "thermal:constantan_ingot",
  "forge:ingots/steel": "samurai_dynasty:steel_ingot",
  "forge:ingots/tin": "thermal:tin_ingot",
  "forge:ingots/lumium": "thermal:lumium_ingot",
  "forge:ingots/tungsten": "null",
  "forge:ingots/enderium": "thermal:enderium_ingot"
}