{
  "flower": "tag:forge:storage_blocks/quartz",
  "maxTimeInHive": 1500,
  "hasHoneycomb": true,
  "traits": ["nether"],
  "ColorData": {
    "isBeeColored": true,
    "honeycombColor": "#D4CABA",
    "primaryColor": "#D4CABA",
    "secondaryColor": "#303030"
  },
  "MutationData": {
    "hasMutation": true,
    "mutations" : [
      {
        "type": "BLOCK",
        "inputID": "minecraft:netherrack",
        "outputs": [
          {"outputID": "minecraft:nether_quartz_ore", "weight": 10},
          {"outputID": "minecraft:cobblestone", "weight": 10}
        ]
      }
    ]
  },
  "CentrifugeData": {
    "hasCentrifugeOutput": true,
    "mainOutput": "minecraft:quartz",
    "mainOutputCount": 2
  },
  "SpawnData": {
    "canSpawnInWorld": false
  },
  "BreedData": {
    "isBreedable": true,
    "parent1": "Sandy",
    "parent2": "Nether",
    "feedItem": "tag:forge:gems/quartz",
    "feedAmount": 4
  },
  "TraitData": {
    "hasTraits": true
  }
}