{
  "__comment": "Instructions: https://blakesmods.com/docs/cucumber/tags-config",
  "c:ingots/constantan": "null",
  "c:ingots/tin": "null",
  "c:gems/sapphire": "irons_jewelry:sapphire",
  "c:ingots/bronze": "null",
  "c:ingots/electrum": "null",
  "c:silicon": "null",
  "c:gems/apatite": "null",
  "c:ingots/silver": "occultism:silver_ingot",
  "c:dusts/saltpeter": "null",
  "c:ingots/steel": "null",
  "c:ingots/platinum": "null",
  "c:ingots/lead": "null",
  "c:ingots/graphite": "null",
  "c:ingots/uranium": "null",
  "c:ingots/aluminum": "null",
  "c:ingots/iridium": "null",
  "c:ingots/invar": "null",
  "c:gems/ruby": "irons_jewelry:ruby",
  "c:dusts/niter": "null",
  "c:rubbers": "null",
  "c:dusts/sulfur": "null",
  "c:gems/peridot": "irons_jewelry:peridot",
  "c:ingots/nickel": "null",
  "c:ingots/zinc": "create:zinc_ingot",
  "c:ingots/brass": "create:brass_ingot"
}