{
  "flower": "tag:forge:storage_blocks/iron",
  "hasHoneycomb": true,
  "maxTimeInHive": 700,
  "ColorData": {
    "isBeeColored": true,
    "honeycombColor": "#ffcc99",
    "primaryColor": "#ffcc99",
    "secondaryColor": "#303030"
  },
  "MutationData": {
    "hasMutation": false
  },
  "CentrifugeData": {
    "hasCentrifugeOutput": true,
    "mainOutput": "minecraft:iron_ingot"
  },
  "SpawnData": {
    "canSpawnInWorld": false
  },
  "BreedData": {
    "isBreedable": true,
    "parent1": "Crystal",
    "parent2": "Rocky",
    "feedItem": "tag:forge:nuggets/iron",
    "feedAmount": 3
  },
  "TraitData": {
    "hasTraits": false
  }
}