{
  "flower": "tag:forge:storage_blocks/vibranium",
  "maxTimeInHive": 2000,
  "traits": ["nether"],
  "hasHoneycomb": true,
  "baseLayerTexture": "modium/vibranium_bee",
  "ColorData": {
    "isBeeColored": false,
    "honeycombColor": "#1BB188"
  },
  "MutationData": {
    "hasMutation": false
  },
  "CentrifugeData": {
    "hasCentrifugeOutput": true,
    "mainOutput": "allthemodium:vibranium_nugget",
    "mainOutputWeight": 0.02,
    "mainOutputCount": 2
  },
  "SpawnData": {
    "spawnInWorld": false
  },
  "BreedData": {
    "isBreedable": true,
    "parent1": "Netherite",
    "parent2": "Dragonic",
    "feedItem": "tag:forge:nuggets/vibranium",
    "feedAmount": 3
  },
  "TraitData": {
    "hasTraits": true
  }
}