{
  "flower": "tag:forge:storage_blocks/quartz",
  "maxTimeInHive": 700,
  "hasHoneycomb": true,
  "traits": ["nether"],
  "ColorData": {
    "isBeeColored": true,
    "honeycombColor": "#D4CABA",
    "primaryColor": "#D4CABA",
    "secondaryColor": "#303030"
  },
  "MutationData": {
    "hasMutation": false
  },
  "CentrifugeData": {
    "hasCentrifugeOutput": true,
    "mainOutput": "minecraft:quartz",
    "mainOutputCount": 2
  },
  "SpawnData": {
    "canSpawnInWorld": true,
    "biomeWhitelist": "tag:nether"
  },
  "BreedData": {
    "isBreedable": true,
    "feedItem": "tag:forge:gems/quartz",
    "feedAmount": 4
  },
  "TraitData": {
    "hasTraits": true
  }
}