{
  "flower": "tag:forge:storage_blocks/crimson_iron",
  "maxTimeInHive": 800,
  "traits": ["nether"],
  "hasHoneycomb": true,
  "ColorData": {
    "isBeeColored": true,
    "honeycombColor": "#FC6087",
    "primaryColor": "#FC6087"
  },
  "MutationData": {
    "hasMutation": false
  },
  "CentrifugeData": {
    "hasCentrifugeOutput": true,
    "mainOutput": "silentgear:crimson_iron_ingot"
  },
  "SpawnData": {
    "spawnInWorld": true,
    "biomeWhitelist": "tag:nether"
  },
  "BreedData": {
    "breedable": true,
    "feedItem": "tag:forge:nuggets/crimson_iron",
    "feedAmount": 1
  },
  "TraitData": {
    "hasTraits": true
  }
}