{
  "flower": "tag:forge:storage_blocks/oratchalcum",
  "maxTimeInHive": 800,
  "hasHoneycomb": true,
  "ColorData": {
    "isBeeColored": true,
    "honeycombColor": "#CBC783",
    "primaryColor": "#CBC783"
  },
  "MutationData": {
    "hasMutation": false
  },
  "CentrifugeData": {
    "hasCentrifugeOutput": true,
    "mainOutput": "rats:oratchalcum_ingot"
  },
  "SpawnData": {
    "spawnInWorld": true,
    "biomeWhitelist": "rats:ratlantis_biome"
  },
  "BreedData": {
    "breedable": true,
    "feedItem": "tag:forge:nuggets/oratchalcum",
    "feedAmount": 1
  },
  "TraitData": {
    "hasTraits": false
  }
}